<?xml version="1.0"?>
<doc>
    <assembly>
        <name>JavaScriptEngineSwitcher.Msie</name>
    </assembly>
    <members>
        <member name="T:JavaScriptEngineSwitcher.Msie.JsEngineFactoryCollectionExtensions">
            <summary>
            JS engine factory collection extensions
            </summary>
        </member>
        <member name="M:JavaScriptEngineSwitcher.Msie.JsEngineFactoryCollectionExtensions.AddMsie(JavaScriptEngineSwitcher.Core.JsEngineFactoryCollection)">
            <summary>
            Adds a instance of <see cref="T:JavaScriptEngineSwitcher.Msie.MsieJsEngineFactory"/> to
            the specified <see cref="T:JavaScriptEngineSwitcher.Core.JsEngineFactoryCollection" />
            </summary>
            <param name="source">Instance of <see cref="T:JavaScriptEngineSwitcher.Core.JsEngineFactoryCollection" /></param>
            <returns>Instance of <see cref="T:JavaScriptEngineSwitcher.Core.JsEngineFactoryCollection" /></returns>
        </member>
        <member name="M:JavaScriptEngineSwitcher.Msie.JsEngineFactoryCollectionExtensions.AddMsie(JavaScriptEngineSwitcher.Core.JsEngineFactoryCollection,System.Action{JavaScriptEngineSwitcher.Msie.MsieSettings})">
            <summary>
            Adds a instance of <see cref="T:JavaScriptEngineSwitcher.Msie.MsieJsEngineFactory"/> to
            the specified <see cref="T:JavaScriptEngineSwitcher.Core.JsEngineFactoryCollection" />
            </summary>
            <param name="source">Instance of <see cref="T:JavaScriptEngineSwitcher.Core.JsEngineFactoryCollection" /></param>
            <param name="configure">The delegate to configure the provided <see cref="T:JavaScriptEngineSwitcher.Msie.MsieSettings"/></param>
            <returns>Instance of <see cref="T:JavaScriptEngineSwitcher.Core.JsEngineFactoryCollection" /></returns>
        </member>
        <member name="M:JavaScriptEngineSwitcher.Msie.JsEngineFactoryCollectionExtensions.AddMsie(JavaScriptEngineSwitcher.Core.JsEngineFactoryCollection,JavaScriptEngineSwitcher.Msie.MsieSettings)">
            <summary>
            Adds a instance of <see cref="T:JavaScriptEngineSwitcher.Msie.MsieJsEngineFactory"/> to
            the specified <see cref="T:JavaScriptEngineSwitcher.Core.JsEngineFactoryCollection" />
            </summary>
            <param name="source">Instance of <see cref="T:JavaScriptEngineSwitcher.Core.JsEngineFactoryCollection" /></param>
            <param name="settings">Settings of the MSIE JS engine</param>
            <returns>Instance of <see cref="T:JavaScriptEngineSwitcher.Core.JsEngineFactoryCollection" /></returns>
        </member>
        <member name="T:JavaScriptEngineSwitcher.Msie.JsEngineMode">
            <summary>
            MSIE JS engine modes
            </summary>
        </member>
        <member name="F:JavaScriptEngineSwitcher.Msie.JsEngineMode.Auto">
            <summary>
            Automatically selects the most modern JavaScript engine from available on the machine
            </summary>
        </member>
        <member name="F:JavaScriptEngineSwitcher.Msie.JsEngineMode.Classic">
            <summary>
            Classic MSIE JavaScript engine (supports ECMAScript 3 with
            possibility of using the ECMAScript 5 Polyfill and the JSON2 library).
            Requires Internet Explorer 6 or higher on the machine.
            Not supported in version for .NET Core.
            </summary>
        </member>
        <member name="F:JavaScriptEngineSwitcher.Msie.JsEngineMode.ChakraActiveScript">
            <summary>
            ActiveScript version of Chakra JavaScript engine (supports ECMAScript 3
            with possibility of using the ECMAScript 5 Polyfill and the JSON2 library).
            Requires Internet Explorer 9 or higher on the machine.
            Not supported in version for .NET Core.
            </summary>
        </member>
        <member name="F:JavaScriptEngineSwitcher.Msie.JsEngineMode.ChakraIeJsRt">
            <summary>
            “IE” JsRT version of Chakra JavaScript engine (supports ECMAScript 5).
            Requires Internet Explorer 11 or Microsoft Edge on the machine.
            </summary>
        </member>
        <member name="F:JavaScriptEngineSwitcher.Msie.JsEngineMode.ChakraEdgeJsRt">
            <summary>
            “Edge” JsRT version of Chakra JavaScript engine (supports ECMAScript 5).
            Requires Microsoft Edge on the machine.
            </summary>
        </member>
        <member name="T:JavaScriptEngineSwitcher.Msie.MsieJsEngine">
            <summary>
            Adapter for the MSIE JS engine
            </summary>
        </member>
        <member name="F:JavaScriptEngineSwitcher.Msie.MsieJsEngine.EngineName">
            <summary>
            Name of JS engine
            </summary>
        </member>
        <member name="F:JavaScriptEngineSwitcher.Msie.MsieJsEngine._engineVersion">
            <summary>
            Version of original JS engine
            </summary>
        </member>
        <member name="F:JavaScriptEngineSwitcher.Msie.MsieJsEngine._jsEngine">
            <summary>
            MSIE JS engine
            </summary>
        </member>
        <member name="P:JavaScriptEngineSwitcher.Msie.MsieJsEngine.Name">
            <summary>
            Gets a name of JS engine
            </summary>
        </member>
        <member name="P:JavaScriptEngineSwitcher.Msie.MsieJsEngine.Version">
            <summary>
            Gets a version of original JS engine
            </summary>
        </member>
        <member name="P:JavaScriptEngineSwitcher.Msie.MsieJsEngine.SupportsGarbageCollection">
            <summary>
            Gets a value that indicates if the JS engine supports garbage collection
            </summary>
        </member>
        <member name="M:JavaScriptEngineSwitcher.Msie.MsieJsEngine.#ctor">
            <summary>
            Constructs a instance of adapter for the MSIE JS engine
            </summary>
        </member>
        <member name="M:JavaScriptEngineSwitcher.Msie.MsieJsEngine.#ctor(JavaScriptEngineSwitcher.Msie.MsieSettings)">
            <summary>
            Constructs a instance of adapter for the MSIE JS engine
            </summary>
            <param name="settings">Settings of the MSIE JS engine</param>
        </member>
        <member name="M:JavaScriptEngineSwitcher.Msie.MsieJsEngine.MapToMsieType(System.Object)">
            <summary>
            Executes a mapping from the host type to a MSIE type
            </summary>
            <param name="value">The source value</param>
            <returns>The mapped value</returns>
        </member>
        <member name="M:JavaScriptEngineSwitcher.Msie.MsieJsEngine.MapToHostType(System.Object)">
            <summary>
            Executes a mapping from the MSIE type to a host type
            </summary>
            <param name="value">The source value</param>
            <returns>The mapped value</returns>
        </member>
        <member name="T:JavaScriptEngineSwitcher.Msie.MsieJsEngineFactory">
            <summary>
            MSIE JS engine factory
            </summary>
        </member>
        <member name="F:JavaScriptEngineSwitcher.Msie.MsieJsEngineFactory._settings">
            <summary>
            Settings of the MSIE JS engine
            </summary>
        </member>
        <member name="P:JavaScriptEngineSwitcher.Msie.MsieJsEngineFactory.EngineName">
            <summary>
            Gets a name of JS engine
            </summary>
        </member>
        <member name="M:JavaScriptEngineSwitcher.Msie.MsieJsEngineFactory.#ctor">
            <summary>
            Constructs an instance of the MSIE JS engine factory
            </summary>
        </member>
        <member name="M:JavaScriptEngineSwitcher.Msie.MsieJsEngineFactory.#ctor(JavaScriptEngineSwitcher.Msie.MsieSettings)">
            <summary>
            Constructs an instance of the MSIE JS engine factory
            </summary>
            <param name="settings">Settings of the MSIE JS engine</param>
        </member>
        <member name="M:JavaScriptEngineSwitcher.Msie.MsieJsEngineFactory.CreateEngine">
            <summary>
            Creates a instance of the MSIE JS engine
            </summary>
            <returns>Instance of the MSIE JS engine</returns>
        </member>
        <member name="T:JavaScriptEngineSwitcher.Msie.MsieSettings">
            <summary>
            Settings of the MSIE JS engine
            </summary>
        </member>
        <member name="P:JavaScriptEngineSwitcher.Msie.MsieSettings.EnableDebugging">
            <summary>
            Gets or sets a flag for whether to enable script debugging features
            (only works in the <code>ChakraIeJsRt</code> and <code>ChakraEdgeJsRt</code> modes)
            </summary>
        </member>
        <member name="P:JavaScriptEngineSwitcher.Msie.MsieSettings.EngineMode">
            <summary>
            Gets or sets a JS engine mode
            </summary>
        </member>
        <member name="P:JavaScriptEngineSwitcher.Msie.MsieSettings.UseEcmaScript5Polyfill">
            <summary>
            Gets or sets a flag for whether to use the ECMAScript 5 Polyfill
            </summary>
        </member>
        <member name="P:JavaScriptEngineSwitcher.Msie.MsieSettings.UseJson2Library">
            <summary>
            Gets or sets a flag for whether to use the JSON2 library
            </summary>
        </member>
        <member name="M:JavaScriptEngineSwitcher.Msie.MsieSettings.#ctor">
            <summary>
            Constructs instance of the MSIE settings
            </summary>
        </member>
    </members>
</doc>
